월,일,커뮤니티,타사명/키워드,제목,본문(내용),URL
2,22,디시인사이드,러셀,운도엉이 오늘 말했는데,건물 짓는거 러셀이 4층 두각이 4층이라던데 ㄹㅇ이냐,https://gall.dcinside.com/mgallery/board/view/?id=csatlecture&no=290858
2,22,디시인사이드,러셀,대성학원 부산,"러셀도 센텀 대구 서울이랑 같이쓰는데
부산도 걍 여기 쓰게 해주면 안됨?",https://gall.dcinside.com/mgallery/board/view/?id=dshw&no=246958
2,22,디시인사이드,러셀,낮반뜰것 같은데,"작년 러셀 서의치였는데 i나 j반 떠도
러셀보단 나음?",https://gall.dcinside.com/mgallery/board/view/?id=sdijn&no=2573904
2,22,디시인사이드,러셀,목동러셀,"이제 슬슬 고삐리 빠질텐데 엔수생 많냐?
3월말쯤 들어가도 자리 남아있으려나…
아직 별관 오픈 안했지?",https://gall.dcinside.com/mgallery/board/view/?id=russelmg&no=46583
2,22,디시인사이드,러셀,퀀텀유배 ㅈ같아서 걍 환불 했다,"러셀 갈듯 아마
9개월동안 점심저녁 먹을때마다 급식실 본관까지 ㅈㄴ 걸어서
갈생각하니까
같은돈내고 왜 이런취급 받아야하나 싶어서
걍 환불신청했음
여름되면 덥고 습한데 비까지오면 그냥 현타올것 같아서
강의실도 스관에서 바로 내려가는 애들보다 늦게가서
맨뒷자리 확정일텐데",https://gall.dcinside.com/mgallery/board/view/?id=dshw&no=246842
2,22,디시인사이드,러셀,내일 아침에 일어나신 성은쌤ㄷㄷ,"메가스터디본사 부재중 전화 5개:)
러셀대표님 부재중전화 23개:)",https://gall.dcinside.com/mgallery/board/view/?id=hanmath&no=10635024
2,22,디시인사이드,러셀,러셀 기숙에 있는 친구한테 제본 택배보내도,문제안됨?,https://gall.dcinside.com/mgallery/board/view/?id=russelmg&no=46579
2,22,디시인사이드,대성,26 대수능 이새끼 국어 빙의 받냐?,"대성 1타 고대 컴공 김승리
주면 맛있게 받으면 개추",https://gall.dcinside.com/mgallery/board/view/?id=sdijn&no=2575180
2,22,디시인사이드,대성,대성 병신들아 마스코트 다시 해라,"방금 누가 보내줘서 봤는데 캐릭터 ㅈ같이 뽑았었네
내가 씨발 전에 고양이로 마스코트 만들면 시대 딴다고 알려줬었는데 이걸 개병신 같은 엉덩이로 가버리네
- dc official App",https://gall.dcinside.com/mgallery/board/view/?id=dshw&no=247208
2,22,디시인사이드,대성,예전에 뭐 찾느라고 수학 모든 인강 다 찾아본적있었는데,"메가인가 대성인가 어떤 꼴타쌤 강의도 눌러봤는데
ㅈㄴ 웃기더라 ㅋㅋㅋ
커리큘럼 네이밍도 ㅈㄴ 대충이고
강의도 ㅈㄴ 셋팅이 뭔가 ㅈㄴ 대충임 ㅋㅋㅋㅋ
강의 내용이 대충인게 아니라 셋팅이 허접한게 ㅈㄴ 웃김
같은 메가 대성인데 이렇게 차이날수 있구나 싶음",https://gall.dcinside.com/mgallery/board/view/?id=hanmath&no=10638029
2,22,디시인사이드,대성,대성 n제 살만한 거 있음?,"n티켓 작년거 있어서 풀고 있는데
이거 제외하고 나머지 중에 살만한거
4규임뇨?",https://gall.dcinside.com/mgallery/board/view/?id=csatlecture&no=290772
2,22,디시인사이드,대성,5반이하는 구라네,ㅇㅇ 대성 번호까지 보이게 캡뜨던가,https://gall.dcinside.com/mgallery/board/view/?id=dshw&no=247106
2,22,디시인사이드,대성,"대성,메가,이투스,ebsi,강남인강 말고 다른 인강있음?",,https://gall.dcinside.com/mgallery/board/view/?id=hanmath&no=10637938
2,22,디시인사이드,대성,"메가,대성,ebsi,이투스말고 다른 인강사이트 있음?",그냥 궁금해짐,https://gall.dcinside.com/mgallery/board/view/?id=hanmath&no=10637933
2,22,디시인사이드,대성,혹시 방인혁이 단과로 살만큼 좋음?,"대성패스가 없는데
내신임",https://gall.dcinside.com/mgallery/board/view/?id=hanmath&no=10637850
2,22,디시인사이드,대성,대성갤에서 시대 바이럴 돌리는 놈들 특,대성 다녀도 시대 다녀도 허수 탈출못함,https://gall.dcinside.com/mgallery/board/view/?id=dshw&no=247006
2,22,디시인사이드,대성,김범준 득달같이 빨아주는애들 특,메가패스 살 돈도 없어서 대성밖에 못들음,https://gall.dcinside.com/mgallery/board/view/?id=csatlecture&no=290736
2,22,디시인사이드,대성,시대갤을 가서 놀면 되지 굳이 대성갤에서 개강 전날에 지랄들이여,"시대 가면 붙을 대학 대성 다닌다고 떨어지나
이미 다 결정 끝난시기에 최선 다하면 되는걸 뭘 아직까지 시대타령",https://gall.dcinside.com/mgallery/board/view/?id=dshw&no=246996
2,22,디시인사이드,대성,시대 드가자~,"선생도 ㅂㅅ 컨텐츠도 ㅂㅅ 애들꼬라지도 ㅂㅅ 행정도 ㅂㅅ
유일하게 시대보다 좋은점
'급식'
그냥 학원없애고 식당오픈하시죠 원장님 '강남대성 집밥' ft.ourhome",https://gall.dcinside.com/mgallery/board/view/?id=dshw&no=246942
2,22,디시인사이드,대성,대성에,"김재훈이랑 똑같은 스타일 있을 거다
잘 찾아봐라 ㅋㅋ",https://gall.dcinside.com/mgallery/board/view/?id=dshw&no=246829
2,22,디시인사이드,대성,님들아 더프살려는데,대성학력연구소는 총 20이고 대성마이맥에서 사면 22.5인데 뭐사야됨? 20짜리사면 omr 안주나?,https://gall.dcinside.com/mgallery/board/view/?id=dshw&no=246828
2,22,디시인사이드,대성,시대인재 당일환불,"오늘 온 재종안내서에
퇴원 의사를 당일에 접수한 경우, 해당 당일도 이용일수에 처리된다는데 수업 아예 하기전인 8시전에 접수해도 전액을 못받나요? 제가 지금 성적이 애매하게 걸쳐서 낮반나오면 대성으로 튈라하는데",https://gall.dcinside.com/mgallery/board/view/?id=sdijn&no=2573232
2,22,디시인사이드,대성,패스 하나만 사면 뭐사냐,"메가 대성 고민중인디
수학은 확통들을거고 사탐 노베임
- dc official App",https://gall.dcinside.com/mgallery/board/view/?id=hanmath&no=10636359
2,22,디시인사이드,대성,대성패스 사려는데,"아니 베이직 고1,2 패스? 그거 사면 대성패스랑 달라? 훨 싸고 들을 수 있는 강의도 거의 같던데… 고3 대성패스랑 차이점 아는 사람 있으면 알려줘
- dc official App",https://gall.dcinside.com/mgallery/board/view/?id=hanmath&no=10636289
2,22,디시인사이드,대성,대성 내일 개강이네,광고ㅈㄴ뜨네,https://gall.dcinside.com/mgallery/board/view/?id=hanmath&no=10636181
2,22,디시인사이드,대성,님들 아침 어케 먹을 예정?,"지금 선택지가
편의점 삼각김밥 or 대성 아침인데
ㄹㅇ 고민이누
아침도 강대 급식 명성에 맞게 푸짐하나?
먹어 본 사람 후기즘
- dc official App",https://gall.dcinside.com/mgallery/board/view/?id=dshw&no=246742
2,22,디시인사이드,대성,번장 이새끼 싸패임?,대성에서는 세개다사면 66000원이잖아 시발롬아 ㅋㅋㅋ,https://gall.dcinside.com/mgallery/board/view/?id=hanmath&no=10636070
2,22,디시인사이드,대성,확통 무불개끝내고 할거 추천좀,"메가 대성 다있음
정병호어떰??
- dc official App",https://gall.dcinside.com/mgallery/board/view/?id=hanmath&no=10635717
2,22,디시인사이드,대성,재종,"강남대성 재종 6월에 들어갈수 있나요? 자리가 날까요?
반수할려하는데요",https://gall.dcinside.com/mgallery/board/view/?id=dshw&no=246725
2,22,디시인사이드,대성,대성의 불꽃수학 정병호~,(한화의 홈런타자 김태균~톤으로),https://gall.dcinside.com/mgallery/board/view/?id=hanmath&no=10635080
2,22,디시인사이드,대성,대성 강매컨 있으면 팔사람,"D아카이브랑 다풂이었나
하여튼 강매컨 있움? 있으면 팔사람",https://gall.dcinside.com/mgallery/board/view/?id=dshw&no=246721
2,22,디시인사이드,대성,한석원쌤 커리타는 거 어떻다 봄?,"이 질문 올리기에는 살짝 늦은 시기이기는 한데
개인적 사정으로 물어봄
그래도 대성 수학 3타 자리에서 유지하시는 이유가 있겠지",https://gall.dcinside.com/mgallery/board/view/?id=hanmath&no=10634754
2,22,디시인사이드,이투스,이투스 메디컬존 vs 잇올,어디가 낳냐?,https://gall.dcinside.com/mgallery/board/view/?id=csatlecture&no=290916
2,22,디시인사이드,이투스,메가 화질 왜케 폐급이노,"이투스 패스로 쌀먹하다가 메가도 필요해서 메가패스 사서 보는중인데 화질 상태보고 두눈을 의심했노
이투스 화면보다 메가보니까... 돈도 많이버는 넘들이 화질은 왜 이꼬라지밖에 못만드노? Ha..",https://gall.dcinside.com/mgallery/board/view/?id=hanmath&no=10638826
2,22,디시인사이드,이투스,근데 윤성훈이 이지영보다 무조건 돈 더 잘버는아님?,"메가vs이투스인데 대결자체가 성립됨?
비하목적아니라 순수궁금증임
아니면 이지영이 엄청 잘가르침?",https://gall.dcinside.com/mgallery/board/view/?id=hanmath&no=10638453
2,22,디시인사이드,이투스,니네 신영규 아냐?,"사촌이 자기듣는다면서 이투스 현강 이라는데
말려야하는거냐",https://gall.dcinside.com/mgallery/board/view/?id=sdijn&no=2574346
2,22,디시인사이드,이투스,EBSi에서 사설 강의로 넘어온 최초의 교사,"이름하여 ‘최태성’.
EBSi 한국사의 강민철이라 불리던 그는
이투스에 스카웃되자 일종의 배신자 취급을 당했다.
지금은 다수의 EBSi 교사들이 사설 강의로 넘어가고 있고
이미지, 주혜연은 얼마 안되서 1타를 찬탈하는 데 성공했다.
무슨 생각이 드실까?
- dc official App",https://gall.dcinside.com/mgallery/board/view/?id=hanmath&no=10636125
2,22,디시인사이드,이투스,듀냐에 사진 올릴 수 있던 거 아는 사람,"난 재수 때까지 아이돌에 미쳐있던 빠돌이었는데
삼수는 기숙학원에 들어가면서 덕질을 못해서 힘들어하던 차에
듀냐에 사진을 올려주던 의인이 있었음.
그 때 봤던 사진 다시 보는데 감회가 새롭네..
여전히 고맙습니다. 이투스의 왕 광투스님",https://gall.dcinside.com/mgallery/board/view/?id=hanmath&no=10635744
2,22,디시인사이드,메가,사문 메가에서 추천하는 쌤 있음?,"내가 일단 홍대병 있기도하고
윤성훈 교재보면 쓸데없이 인스타 사진같은거 쳐 넣어놔서 두껍고 막상 보는곳은 얼마 없는게 좀 짜증나서 컴팩트한 교재를 원하는데 메가에 컴팩트한 교재로 수업하시는 쌤 없으시려나
- dc official App",https://gall.dcinside.com/mgallery/board/view/?id=hanmath&no=10638721
2,22,디시인사이드,메가,메가스터디 교재 발송완료라 뜨고 안왔는데,이거 어떡하노,https://gall.dcinside.com/mgallery/board/view/?id=hanmath&no=10638493
2,22,디시인사이드,메가,파이널교재만들때 강사단위말고 인강사이트단위로 만들면,"좋을거같음 풀이법같은거 말고 독학용이나 파이널모고 메가강사들 다 모아서 문제내게 시키면 존나 잘팔릴꺼같음
솔직히 수학모의고사 현우진 김기현 김성은이 다같이 만들어서 내면 수험생들 무조건 삼",https://gall.dcinside.com/mgallery/board/view/?id=hanmath&no=10638486
2,22,디시인사이드,메가,동네좆반학원 원장 vs 메가스터디 아랍어 1타,누가 더 많이 버냐,https://gall.dcinside.com/mgallery/board/view/?id=hanmath&no=10638467
2,22,디시인사이드,메가,근데 윤성훈 강의에서 타강사 저격자주 하는거 같은데,"누구하는거임?
계속 타교재오개념 타강사오개념 이런소리 하는데 진짜로 그강사 교재에 오개념이있는거임?그리고 그 타강사가 누구임?
같은 메가스터디인 최적도 저격에 포함인거임?",https://gall.dcinside.com/mgallery/board/view/?id=hanmath&no=10638462
2,22,디시인사이드,메가,근데 메가스터디 제2외 강사는 수익 ㄱㅊ냐,내신때문에 들으려나,https://gall.dcinside.com/mgallery/board/view/?id=hanmath&no=10638455
2,22,디시인사이드,메가,메가스터디 수강평 레전드 ㅋㅋ,,https://gall.dcinside.com/mgallery/board/view/?id=hanmath&no=10638450
2,22,디시인사이드,메가,지금 태성인 새끼들 건너편 컴포즈 메가커피 ㄱㄱ,높은확률로 거기있다 이새끼,https://gall.dcinside.com/mgallery/board/view/?id=sdijn&no=2573534
2,22,디시인사이드,메가,메가커피 인간들 진짜 징그럽게 많네 씨발,역겨운년들,https://gall.dcinside.com/mgallery/board/view/?id=hanmath&no=10636108
2,22,디시인사이드,메가,"""부재중 전화""","메가스터디 대표님 :) [7통]
플랑크조마니교회목사님:) [6통]
전한길샘:) [4통]",https://gall.dcinside.com/mgallery/board/view/?id=hanmath&no=10635089
2,22,디시인사이드,메가,성은쌤 이미 주무셔서 불꽃꿈나라 가계셔:),"내일 아침쯤에 메가캐스트들 댓글 다 막히거나 삭제될거야:)
성은쌤 지금까지 메가에서 좀 오래하시긴하셨어 :(",https://gall.dcinside.com/mgallery/board/view/?id=hanmath&no=10635072
2,22,디시인사이드,메가,메가를 다시 위대하게 김어게인!!!!,,https://gall.dcinside.com/mgallery/board/view/?id=hanmath&no=10635014
2,22,디시인사이드,메가,성은쌤 어카노ㅋㅋㅋㅋㅋㅋ,지금 메가 직원들 다 자고있어서 아침되자마자 비상걸릴듯ㅋㅋㅋ,https://gall.dcinside.com/mgallery/board/view/?id=hanmath&no=10634989
2,22,디시인사이드,메가,작수 5등급인데 …3가능…?,"고2까지 운동하다가 고3올라가고부터 수능준비시작했음..
1학기때는 학교에서는 공부 거의 못하고 학교끝나고 밥먹고 공부할 시간이 4~5시간?정도밖애 없었던거 같음
거의 수학위주로함
3모때 30점?인가 맞고
6모때 58점맞았는데 예측 등급컷보고 4등급까지 올린줄 알았는데
아쉽게도 결과적으로는 5등급받긴함
근데 4등급인줄 알았을때는 9모때 3까지는 올릴수 있을거라 생각함..
9모때 43점으로 운지하고
수능 한달전에는 그냥 수학거의 유기하고 논술쓴거 최저라고 맞추려고 영어탐구만 ㅈ나 조지다가
수학은 5등급 받았음
최저는 하나빼고 맞추긴함
지금 메가스터디에 있는 김성은쌤 중학수학이랑 강영찬쌤 로그온(고1수학)하고
파데킥오프 일주일 6일동안 진도 나가고
작년에는 진짜 복습같은거 아예안하고 ㅈ나 조급한 마음에 진도만 무지성으로 달린거 같아서 일요일에 틀린문제 모아서 풀는식으로 하고
진도 다나가고 한번 다시 틀린기록 있는 문제들만 풀고 킥오프 워크북푸는 중인데
다풀고 아이디어 들어가는게 맞을까?
작년에는 ㅈ나 시간 없는거 같아서 킥오프 워크북 유기하고 아이디어 들어가긴했는데
찾아보니까 실전개념치고 쉬운편이라 해서 들어갔는데
진짜 ㅈ나 어려워소 흡수를 못한느낌이였는데
다시 이쌤꺼를 하는게 맞을까?
좀 더 수준 낮게알려주는 실전개념있을까?
근데 또 이런식으로 쉬운공부만 찾는 방향으로 가면 안될거같은데
그냥 작년처럼 아이디어 악깡버 해보는게 맞을까?
- dc official App",https://gall.dcinside.com/mgallery/board/view/?id=hanmath&no=10634736
2,22,디시인사이드,재종,재종 개강 전 조사,"개강하기전에 공부했다 개추
안했다 낼이 첨이다 비추
일단 난 비추",https://gall.dcinside.com/mgallery/board/view/?id=dshw&no=247278
2,22,디시인사이드,재종,재종 꿀팁 받습니다,"재종 첨가보는대 꿀팁점여
- dc official App",https://gall.dcinside.com/mgallery/board/view/?id=sdijn&no=2575385
2,22,디시인사이드,재종,대부분 애들끼리 안친해지지?,"재종 처음가봐서 모름
막 친해지는 애들도 있고 그러나",https://gall.dcinside.com/mgallery/board/view/?id=dshw&no=247265
2,22,디시인사이드,재종,재종에서 스윗하게 문 잡아준적 있으면 개추 ㅋㅋㅋㅋ,훗 ㅈㄴ 스윗하네 나 << 이 생각한적 있으면 개추,https://gall.dcinside.com/mgallery/board/view/?id=sdijn&no=2575168
2,22,디시인사이드,재종,역대 최악의 국어 라인업,"현유찬 ㅅㅊㅇ
어떻게 재종 처음들오는 현유찬 쌤이랑
심찬우가 같이 붙어있을 수 있지",https://gall.dcinside.com/mgallery/board/view/?id=sdijn&no=2575114
2,22,디시인사이드,재종,재원생 특정짓거나 성희롱 글 자제해주세요!! ㅠㅠ,"내일 첫 등원인데 여기 글 읽어보니까 너무 무섭고 걱정되네요ㅠㅠ 재종생 많아봤자 얼마 안되는데 부탁드려요?
다같이 열심히 공부해서 내년에는 좋은결과 있길….ㅜ!!",https://gall.dcinside.com/mgallery/board/view/?id=sdijn&no=2575113
2,22,디시인사이드,재종,서프 월례 차이가 뭐야,"월례는 월마다 재종생들끼리만 보는거고
서프는 더프마냥 재종+현장응시까지 하는거고?
시대재종 다니면 서프도 보는거 맞지?",https://gall.dcinside.com/mgallery/board/view/?id=sdijn&no=2575086
2,22,디시인사이드,재종,미적 스파르타 내가봤을때 위장미적 방지용같음,"올해 실적 보면 결국엔 수능 성적표같은거 자기 선택과목 입력해야하니까 확인하면 재종 선택과목이랑 다른거 보고
걍 아예 방지 목적으로 놓어둔거같은데 어케생각함,",https://gall.dcinside.com/mgallery/board/view/?id=sdijn&no=2575025
2,22,디시인사이드,재종,손창빈 재종 좋음?,작년에 단과는 조금 들었는데 단과랑 컨 똑같이주나,https://gall.dcinside.com/mgallery/board/view/?id=sdijn&no=2574960
2,22,디시인사이드,재종,김현우 재종 단과 내용난이도 크게 차이남?,둘다 들어본사암있나,https://gall.dcinside.com/mgallery/board/view/?id=sdijn&no=2574838
2,22,디시인사이드,재종,진짜 과cc는 개빡셀듯,애미시발 재종이 최고였는데,https://gall.dcinside.com/mgallery/board/view/?id=sdijn&no=2574805
2,22,디시인사이드,재종,아 이신혁 단과 뺼까? 재종다니는데,"재종에서 이신혁 안들어올거같아서 지난주부터 들었거든
차피 과탐 한개여서 재종 수업은 컨텐츠 풀이용으로 할려했는데..
이미 미적 단과가 있는 상태라 버거울려나 혹은 쓸데없거나..",https://gall.dcinside.com/mgallery/board/view/?id=sdijn&no=2574790
2,22,디시인사이드,재종,아니 여기 시대갤 글들 진짜야?,애초에 재종에서 섹파를 만들수잇음?,https://gall.dcinside.com/mgallery/board/view/?id=sdijn&no=2574721
2,22,디시인사이드,재종,재종<< 성욕 제조기임,혼자 독서실 다니면서 공부할 땐 고자인가 싶을 정도로 성욕 없었는데 재종다니면서 어쩌다 몸매 ㅈ되는년 마주치는 날이면 바로 화장실 가서 or 집에서 3연딸 조짐,https://gall.dcinside.com/mgallery/board/view/?id=sdijn&no=2574667
2,22,디시인사이드,재종,목동본관 배정된 여학우들한테 미안하네,"남들 대학갈때 대학좋은데 가보려고 청춘바쳐서 재종온걸텐데
존잘 05오빠(본인)보고 설레서 공부안되는거아냐??
차가운 겉모습이랑다르게 착하니까 말걸고싶으면 말걸어줘 파트너로라도 지내자",https://gall.dcinside.com/mgallery/board/view/?id=sdijn&no=2574644
2,22,디시인사이드,재종,보통 반수할 때 얼마 들어감?,"난 독학으로 해서 책값이랑 원서비 진학사 등등 하고 인강 환급받을 거 빼면 총 350 들었는데
여기처럼 재종 기숙이든 단과든 하면 총 얼마 정도 듬?",https://gall.dcinside.com/mgallery/board/view/?id=sdijn&no=2574639
2,22,디시인사이드,재종,재종 다니면서 단과 병행하려면,벌점 받고 외출 신청해서 가는건가요?,https://gall.dcinside.com/mgallery/board/view/?id=sdijn&no=2574590
2,22,디시인사이드,재종,시대인재 컨텐츠를 안정적으로 얻을수있는 방법없음?,"내가 빡센걸 못견뎌해서 재종은 못다니고
번개장터랑 유빈이는 안정적이지 않으니깐 패스하고..
브릿지랑 서바 이런것들 어케 구할수 있는방법 없을까",https://gall.dcinside.com/mgallery/board/view/?id=sdijn&no=2574529
2,22,디시인사이드,재종,하 왜 재종에 여자선생님을 들어오게 하는거냐?,이해가 안가네 집중이 안된다고 시발 맨날 밤에 잠도 못자고,https://gall.dcinside.com/mgallery/board/view/?id=sdijn&no=2574506
2,22,디시인사이드,재종,재종은 부라땜에 가는거임,,https://gall.dcinside.com/mgallery/board/view/?id=sdijn&no=2574465
2,22,디시인사이드,재종,와 갤 보다가 심연의 결론에 도달함,울릉도 재종가면 헐벗은 마녀 있음 ㄷㄷ,https://gall.dcinside.com/mgallery/board/view/?id=sdijn&no=2574447
2,22,디시인사이드,재종,근데 재종만큼 여자 만나기 좋은 곳 드묾,준비가 된 애들한텐 진짜로 걍 모텔임,https://gall.dcinside.com/mgallery/board/view/?id=sdijn&no=2574444
2,22,디시인사이드,재종,그러니까 재종 들어가면,매일매일 딸감이 제공된다는거지?,https://gall.dcinside.com/mgallery/board/view/?id=sdijn&no=2574422
2,22,디시인사이드,재종,꼴리는 여자를 보고싶으면 지방 동네재종학원을 다녀라,"예전에 한달정도 잠깐
지방 동네재종학원 다녔을때
여자애들 때문에 미치는줄알았음
배꼽 보이는 흰색 크롭티 맨날 입는년
우연히 학원에서 다시만난 고등학교때 좋아했던년
금요일에 조퇴할 생각으로 치마입고 구두신고온년
어차피 공부는 인강으로 하고
수업때는 자습하면 되니
강사진 좆구려도 상관없음
평생 못잊는다 그 기억..",https://gall.dcinside.com/mgallery/board/view/?id=sdijn&no=2574393
2,22,디시인사이드,재종,재종 대기인데 이거 언제풀림,,https://gall.dcinside.com/mgallery/board/view/?id=sdijn&no=2574371
2,22,디시인사이드,재종,원래 재종마녀가,"공부에 방해돼서 마녀라고 부르는거 아니냐
이새끼들은 N수하는주제에 공부 시작하자마자 방해요인이 나타나길 간절히 바라고있노",https://gall.dcinside.com/mgallery/board/view/?id=sdijn&no=2574289
2,22,디시인사이드,재종,재종 강기원이 그정도로 별로임?,김현우가 훨씬 나음?,https://gall.dcinside.com/mgallery/board/view/?id=sdijn&no=2574173
2,22,디시인사이드,재종,재종강기원 진짜 휴강 많이함?,ㅇㅇ?,https://gall.dcinside.com/mgallery/board/view/?id=sdijn&no=2574129
2,22,디시인사이드,재종,담임이 아무리천사여도 부담임이 ㅂㅅ이면 재종생활이 피곤하더라,ㅇㅇ,https://gall.dcinside.com/mgallery/board/view/?id=sdijn&no=2574106
2,22,디시인사이드,재종,9기 부엉이인데 시대갤 오랜만이네,"원서 쓸때 이후로 첨오는거 같은데
내일이 재종 개강인가?
부엉이들 화이팅
- dc official App",https://gall.dcinside.com/mgallery/board/view/?id=sdijn&no=2574031
2,22,디시인사이드,재종,하...,"내일이 재종 개강일이라는게 믿기지 않는다...
- dc official App",https://gall.dcinside.com/mgallery/board/view/?id=sdijn&no=2573938
2,22,디시인사이드,재종,샤프 개씹예민충이면 차라리 연필 써보셈,"재종다닐때 영어강사한테 들은건데 수능장에 사용하던 연필 반입 ㅆㄱㄴ이라
걍 샤프가지고 예민한거면 수능 샤프로 공부하지말고 연필로 공부하라더라
여기 정병 많던데 걍 공부 자체를 연필로 해보삼..",https://gall.dcinside.com/mgallery/board/view/?id=sdijn&no=2573925
2,22,디시인사이드,재종,시대재종 인프라,목시인데요... 원래 책상사이 간격도 좁고 책장이랑 사물함도 작나요.. 제가 시대인재 공식사이트에서 봤던 야무지게생긴 3단책장은 어디간거죠..ㅠㅠ,https://gall.dcinside.com/mgallery/board/view/?id=sdijn&no=2573768
2,22,디시인사이드,재종,재종 마렵네,그리운 부라,https://gall.dcinside.com/mgallery/board/view/?id=sdijn&no=2573713
2,22,디시인사이드,재종,반수생 중에 재종 다니는애들잇냐,이런경우는 보통 학고반수 아니면 드문가?,https://gall.dcinside.com/mgallery/board/view/?id=hanmath&no=10636873
2,22,디시인사이드,재종,범바오 킹받네,"카나토미 지로함이라고 징징된지 2주가 지났는데 아직도 지로함이야이
지금 재종없이 확통스블만 찍고있는데도 밀리는건 진짜 게으름이잖아이",https://gall.dcinside.com/mgallery/board/view/?id=csatlecture&no=290648
2,22,디시인사이드,재종,단과 시대기출 재종 시대기출,"둘 다 팔아먹으면
맛있겠노!!",https://gall.dcinside.com/mgallery/board/view/?id=sdijn&no=2573638
2,22,디시인사이드,재종,재종 개강하고 일주일 뒤에 풀려서 들어가면 전주차 자료는 줌?,,https://gall.dcinside.com/mgallery/board/view/?id=sdijn&no=2573613
2,22,디시인사이드,재종,보통 재종에서 과탐 노베비율 몇정도 되냐,"그 과목을 첨 하는거ㅇㅇ
5프로?",https://gall.dcinside.com/mgallery/board/view/?id=sdijn&no=2573547
2,22,디시인사이드,재종,만약 시대재종이 강사 선택제였다면,어땠을까,https://gall.dcinside.com/mgallery/board/view/?id=sdijn&no=2573490
2,22,디시인사이드,재종,시대재종<<한물갔노,"혹시라도 시대재종 보내야하나 의무감 느끼는 학부모님들은 그냥 발뻗잠하셔도 될 듯합니다.
반수반도 굳이 필요없어요.",https://gall.dcinside.com/mgallery/board/view/?id=sdijn&no=2573481
2,22,디시인사이드,재종,낭만화1 이름도 이미 특정한 시대행정팀은 개추 ㅋㅋㅋ,"재종등록서류에 있는 사진이랑 갤 사진 비교해서
고위험군에 이름 기록해뒀을듯",https://gall.dcinside.com/mgallery/board/view/?id=sdijn&no=2573474
2,22,디시인사이드,재종,낭화는 재종 정규 개강도 안했는데,"이게 무슨일이니
한 한달은 빡셀거다 그 이후로는 애들도 하도 많이봐서
걍 별생각도 안들거임",https://gall.dcinside.com/mgallery/board/view/?id=sdijn&no=2573451
2,22,디시인사이드,재종,재종 개강 1주일 후에 그렇게 많이 빠짐?,,https://gall.dcinside.com/mgallery/board/view/?id=sdijn&no=2573398
2,22,디시인사이드,재종,재종 중간합류하면 전주차 영상 자료는 어케됨?,,https://gall.dcinside.com/mgallery/board/view/?id=sdijn&no=2573395
2,22,디시인사이드,재종,재종마녀 비키니 사진 10초삭,,https://gall.dcinside.com/mgallery/board/view/?id=sdijn&no=2573319
2,22,디시인사이드,재종,반수하는 데 재종,"제목 그대로다
반수하는데 재종오는 ㄱㅇ들은 무슨 생각으로 오는지 궁금하네
보통 학고 박고 2학기 휴학인가?
아니면 기숙사 살면서(학긱) 재종오는 케이스도 봤는데 걔네들은 또 무슨 생각인지 궁금...",https://gall.dcinside.com/mgallery/board/view/?id=sdijn&no=2573259
2,22,디시인사이드,재종,정보)재종마녀 드립의 시초는 2013년이다,"무려 13년 전에도 전국 재종에 재종마녀는 존재했다
여담으로 송중기는 종로학원에서 재수하던 시절 다른층 여자들도 알던 원탑 작법이였다 한다",https://gall.dcinside.com/mgallery/board/view/?id=sdijn&no=2573128
2,22,디시인사이드,재종,재종 방학때 다들 계획 있나요,풀로 빡세게 공부하시려나,https://gall.dcinside.com/mgallery/board/view/?id=sdijn&no=2573118
2,22,디시인사이드,재종,잡재종 잇올독재,잇올이 낫지?,https://gall.dcinside.com/mgallery/board/view/?id=sdijn&no=2573117
2,22,디시인사이드,재종,재종 ㅈㄴ 기대됐는데,갑자기 ㅈ가틈,https://gall.dcinside.com/mgallery/board/view/?id=sdijn&no=2573008
2,22,디시인사이드,재종,현역때 너무 저능했어서 시대왔는데,"고잡대에서 1년간 재종 열심히 다니면
보통 어디까지 가나요..?
현역 설대식은 제2외 안까면 397.3이었습니다",https://gall.dcinside.com/mgallery/board/view/?id=sdijn&no=2573007
2,22,디시인사이드,재종,갑자기 재종 드가려니까 정병 오는데,"아무생각도 없다가 또 수능 본다고 생각하니
갑자기 불안하다
(N>2)임.",https://gall.dcinside.com/mgallery/board/view/?id=sdijn&no=2572996
2,22,디시인사이드,재종,25수능 표점합 405인데 이거로 올해 재종 장학 나오나,안나오겠지?,https://gall.dcinside.com/mgallery/board/view/?id=sdijn&no=2572989
2,22,디시인사이드,재종,환경 탓 하지 말자...,"성적은 되는데 형편이 어려워서
시대 재종 다니고 싶어도 못 다니는
그런 애들이 얼마나 많냐...
부조리한건 부조리한거고
공부 때려치고 평가원 앞에서 1인시위할거 아니면
주어진 범위 안에서 최선을 다하자
알았지 귀요미들? 형이 항상 응원해",https://gall.dcinside.com/mgallery/board/view/?id=sdijn&no=2572944
2,22,디시인사이드,재종,재종 급식 꼭 먹어야됨?,맛없다는데 밥 싸가지고 다니면 안되나,https://gall.dcinside.com/mgallery/board/view/?id=sdijn&no=2572873
2,22,디시인사이드,재종,시대재종 반 ㅇㄷ?,"93 97 2 83 75
언미생지
반 어디이려나
D?",https://gall.dcinside.com/mgallery/board/view/?id=sdijn&no=2572750
2,22,디시인사이드,재종,악어오름 내신 1.5인데 연고대 ㅇㅈㄹ했다고?,나 1학기까지 내신 1.33인데 고려대 운지박고 재종들어가는데 ㅅㅂ,https://gall.dcinside.com/mgallery/board/view/?id=sdijn&no=2572616
2,22,디시인사이드,재종,재종 다니면서 재종 안에서 절대 하면 안되는것,"1. 나무위키
2. 웹소설
3. 게임
4. 갤러리, 커뮤
5. 수면
인정하면 개추",https://gall.dcinside.com/mgallery/board/view/?id=sdijn&no=2572547
2,22,디시인사이드,재종,재종 슨배님들 공부할때,"자기 전에 생각을 너무 많이 하는 건가 공부 어캐 해야할 지 감이 너무 안잡힘
9기 이상 선배님들은 어떻게 공부하셨음??
현역때는 인강이나 힉원 과목 당 하나씩 들었는데 재종 다니면 과목 당 수업이 여러 개 생기는데 거기 다 인강까지 들으면 컨텐츠를 다 소화할 수 있는 지 잘 모르겠음..
사문을 시대 수업으로만 하는 건 거의 못 봐서 인강도 병행해야할 것 같은데 그렇다고 수업 컨텐츠도 많은데 인강패스 사는 건 좀 아까운거 같아서..
진짜 제가 생각해도 못난 저를 좀 구원해주세요..",https://gall.dcinside.com/mgallery/board/view/?id=sdijn&no=2572539
2,22,디시인사이드,재종,영상수업 신청 언제부터 ㄱㄴ임?,"작년엔 기숙다녔는데 9월부터 영상수업 신청 ㄱㄴ했는데 재종도
영상수엊 ㄱㄴ함?",https://gall.dcinside.com/mgallery/board/view/?id=dshw&no=246720
2,22,디시인사이드,재종,번따,"재종 다니면서 예쁜사람 있으면 말걸고 번호 따도 되나여?
퇴원 당하나?",https://gall.dcinside.com/mgallery/board/view/?id=dshw&no=246719
2,22,디시인사이드,재종,수학 백분위 74따리인데,재종 수업 못따라감?,https://gall.dcinside.com/mgallery/board/view/?id=sdijn&no=2572255
2,22,디시인사이드,관리형독서실,잇올 재수학원말고 관리형독서실같은경우,"더프나 서프 구매만 할수있는거죠?
따로 6,9평처럼 시험치러 타센터가는건 아니죠?",https://gall.dcinside.com/mgallery/board/view/?id=itall&no=586954
2,22,디시인사이드,관리형독서실,독서실 관리안하는데 어캄.,계속빡갤하는데 아무일도안생김,https://gall.dcinside.com/mgallery/board/view/?id=hanmath&no=10638245
2,22,디시인사이드,관리형독서실,집독재하는데 관리형 독서실 체험 한번 해보고싶다,걍 느낌 어떤지가 궁금함 ㄹㅇㅋㅋ,https://gall.dcinside.com/mgallery/board/view/?id=hanmath&no=10637737
2,22,디시인사이드,관리형독서실,관리형 독서실 다녀본애 있냐,재밌음? 그리고 연령대 어떻게됨?,https://gall.dcinside.com/mgallery/board/view/?id=hanmath&no=10637729
2,22,디시인사이드,관리형독서실,잇올 비슷한 관리형 독서실 24만원이면 어떤편임?,가격,https://gall.dcinside.com/mgallery/board/view/?id=sdijn&no=2573091
2,22,디시인사이드,관독,관독 안가는 일요일에 스카가는 거 어케생각함,,https://gall.dcinside.com/mgallery/board/view/?id=hanmath&no=10636345
2,22,디시인사이드,관독,관독 개학하면 할인안해주냐?,ㅅㅂ 개학하면 방학의 반밖에 가서 공부못하는데 가격 할인해주던가 그래야되는거 아니냐,https://gall.dcinside.com/mgallery/board/view/?id=csatlecture&no=290349
2,22,디시인사이드,시대인재,반붕문학 투탑,"https://gall.dcinside.com/mgallery/board/view/?id=sdijn&no=2575204&page=3
반붕아
- 시대인재 N 재수종합 마이너 갤러리
부디잘 가라싱그러운연두색잎사귀 사이에 비친한여름의 태양을 뒤로 한 채처음 마주했던 너의 맑은 웃음은그 무엇보다 찬란했었다인생이 추울 때 너를 만나내 마음 속 어느 깊은 곳에새하얀 꽃송이 하나 움틔울 수 있었다갤러리에
gall.dcinside.com
https://gall.dcinside.com/mgallery/board/view/?id=sdijn&no=2566008
오늘, 새벽 한 녀자를 가슴 깊은곳에 묻어뒀습니다
- 시대인재 N 재수종합 마이너 갤러리
https://youtu.be/o0tc2B69f4U
								2월에도 스스럼없이 시대갤을 하며..어느 순간 제 마음 속에 따사한 봄날의 햇빛처럼 스스럼
gall.dcinside.com
반붕아ㅠㅠㅠㅠ",https://gall.dcinside.com/mgallery/board/view/?id=sdijn&no=2575359
2,22,디시인사이드,시대인재,@HaibaraAi,"https://m.dcinside.com/board/sdijn/1972973
태성에서 설명회하는데 어머님들 고우시네…
- 시대인재 N 재수종합 마이너 갤러리
나이차도 얼마 안나는데… 번호 여쭤볼까.감사합니다.좋은 결과 있길 바라겠습니다.
m.dcinside.com
?",https://gall.dcinside.com/mgallery/board/view/?id=sdijn&no=2575333
2,22,디시인사이드,시대인재,실시간 시대인재 생윤 강사.. 진짜뭐냐?,"릴스내리다가 나왔는데
프로필 들어가보니까 시대인재 생윤 강사던데
강수영 << 이새끼진짜머임?",https://gall.dcinside.com/mgallery/board/view/?id=hanmath&no=10638968
2,22,디시인사이드,시대인재,시대인재 재원생분들~~ 예쁜 글만 써주세요^^,대치에서 봤을때 다들 훤칠하고 잘생겼던데~~ 아들뻘인 아이들이 나쁜 글만 쓰니 슬프네요~ㅠㅠ 공부 열심히 하는거도 너무 멋지지만 예쁜 글만 써주면 더 멋질 거 같네요~^^,https://gall.dcinside.com/mgallery/board/view/?id=sdijn&no=2575060
2,22,디시인사이드,시대인재,님들,"시대인재 그냥 수학 잘하면 높반나오는 거였음?
3합4 3합3 이런거 없고?
물론 국수영 3합6정도는 만족한다는 가정하에
- dc official App",https://gall.dcinside.com/mgallery/board/view/?id=sdijn&no=2574622
2,22,디시인사이드,시대인재,이거 뭔 오나홀이냐,"https://m.dcinside.com/board/sdijn/2568711
ㅇㄴㅎ 걍 침대 수납장에 보관해야겠노
- 시대인재 N 재수종합 마이너 갤러리
쮸쮸 못만지는거 이제 넘 아쉽노게이들아 난 자러간다 ㅂㅂ
m.dcinside.com
시발ㅋㅋ",https://gall.dcinside.com/mgallery/board/view/?id=sdijn&no=2574618
2,22,디시인사이드,시대인재,실시간 오피셜 걍 니 눈으로 보는법,"시대인재N학부모 앱 다운받고 로그인
아직 임시관 임시반 임시학번 적혀있는거 알수 있다.
유익했으면 개추좀",https://gall.dcinside.com/mgallery/board/view/?id=sdijn&no=2574607
2,22,디시인사이드,시대인재,엑셀 큥큥,"엑셀러레이터를 분석하는 만화
- 시대인재 N 재수종합 마이너 갤러리
김범찬 시대인재에는 다양한 컨텐츠들이 있다 순서대로 서바 브릿지 볼텍스 플로우 엑셀 숏컷 큐레 서프 리바 등등 그중에서 오늘은 쓰레기 엑셀러레이터를 분석해보려한다 엑셀은 국어, 수학 두 과목이 있는데... 잠깐 ?
m.dcinside.com
https://m.dcinside.com/board/sdijn/2452304
엑셀러레이터 후일담
- 시대인재 N 재수종합 마이너 갤러리
※이 그림을 봤을때의 후폭풍은 책임지지 않습니다.
m.dcinside.com
https://m.dcinside.com/board/sdijn/2455921",https://gall.dcinside.com/mgallery/board/view/?id=sdijn&no=2574587
2,22,디시인사이드,시대인재,시대인재에 김상훈 전용관이 있었다는데,"머임
시대 압도적 1타였음?",https://gall.dcinside.com/mgallery/board/view/?id=csatlecture&no=290791
2,22,디시인사이드,시대인재,아래 글 낭만화1 아님?,"https://m.dcinside.com/board/sdijn/2574488
부남 정신병 테스트
- 시대인재 N 재수종합 마이너 갤러리
그림 속 무엇이 보이는지 서술하시오. [4점]
m.dcinside.com
ㅋㅋ",https://gall.dcinside.com/mgallery/board/view/?id=sdijn&no=2574493
2,22,디시인사이드,시대인재,형들 태성 10기 부엉이인데,"https://m.dcinside.com/board/sdijn/1743605?headid=260&page=2
not only 태성관 but also 모든 부엉이들을 위한 tip
- 시대인재 N 재수종합 마이너 갤러리
이번 수능 개씹좆박은 태성붱이다.좆되서 운지마렵지만 예비붱이들에게 나의 존재 이유를 증명하기 위해 글을 쓴다.본인은 태성관에서 1년을 보냈으니 혹시 태성걸린 놈들은 주목하도록말하기 앞서 태성관에는 특별한 저주에 걸린
m.dcinside.com
부라 첨 들어갈때 눈뽕 맞는거 진짜에요? 나 밝은거에 좀 많이 예민한편인데 ..;;",https://gall.dcinside.com/mgallery/board/view/?id=sdijn&no=2574453
2,22,디시인사이드,시대인재,확실히 실연된 상태에서 쓰여진 문학이 맛있네요,"https://m.dcinside.com/board/sdijn/2566008
오늘, 새벽 한 녀자를 가슴 깊은곳에 묻어뒀습니다
- 시대인재 N 재수종합 마이너 갤러리
https://youtu.be/o0tc2B69f4U								2월에도 스스럼없이 시대갤을 하며..어느 순간 제 마음 속에 따사한 봄날의 햇빛처럼 스스럼
m.dcinside.com
https://m.dcinside.com/board/sdijn/2574398
씨발 반붕아!!!!!!
- 시대인재 N 재수종합 마이너 갤러리
산산이 부서진 이름이여!허공 중에 헤어진 이름이여!불러도 주인 없는 이름이여!부르다가 내가 죽을 이름이여!심중에 남아 있는 말 한마디는끝끝내 마저 하지 못하였구나.사랑하던 그 반붕이여!사랑하던 그 반붕이여!붉은 해는
m.dcinside.com
엉엉 울었습니다",https://gall.dcinside.com/mgallery/board/view/?id=sdijn&no=2574428
2,22,디시인사이드,시대인재,시대인재앱에서,"재학생인증에 학번은 뭐야?
내일 등원하면 알려주는건가? 지금 하는게 아닌가??",https://gall.dcinside.com/mgallery/board/view/?id=sdijn&no=2574394
2,22,디시인사이드,시대인재,시대인재 배려 너무 부족한거 아니냐?,"동갑박이들은 부녀들이 있고
할매박이들은 생담이 있는데
왜 나를 위한
여초딩
은 없는거임??",https://gall.dcinside.com/mgallery/board/view/?id=sdijn&no=2574337
2,22,디시인사이드,시대인재,하루 뒤의 시대갤...,"권경수? 이사람 누구임
좋음?
김범찬 입갤 ㅋㅋㅋㅋ
시대인재 환불 지금 가
능하냐?
.
나를 받아줄 유일한
곳이면 개추 ㅋㅋㅋ",https://gall.dcinside.com/mgallery/board/view/?id=sdijn&no=2574239
2,22,디시인사이드,시대인재,10기들의 품격이 상당하네요,"올해도 걱정이 업겟어요
시대인재 부엉이 화이팅!",https://gall.dcinside.com/mgallery/board/view/?id=sdijn&no=2574197
2,22,디시인사이드,시대인재,아이패드 3세대 사가도 됨?,"대여 보증금 머시기 귀찮은데 당근에서 1만원에 팔던데 사가도 작동 되려나?
인강 안 볼거고 그냥 시대인재 앱만 쓸 예정이긴 함",https://gall.dcinside.com/mgallery/board/view/?id=sdijn&no=2574131
2,22,디시인사이드,시대인재,대전에도 시대인재가 있네,대전사는애들은 부럽구나,https://gall.dcinside.com/mgallery/board/view/?id=sdijn&no=2574114
2,22,디시인사이드,시대인재,진짜 시대인재건물 처음 들어가서 느낀점,"ㅈㄴ 평범해 보이는 애들이 여기서는 성ㅎ롱 드립이나 치는 애들임? 아닐 것 같은데,,
대충 시대 재원생중 여기서 이짓거리 하는애들 비율이 몇퍼센트임?",https://gall.dcinside.com/mgallery/board/view/?id=sdijn&no=2574098
2,22,디시인사이드,시대인재,아이패드에 뭐뭐 깔아야해?,시대인재N 앱만 깔면 되나?,https://gall.dcinside.com/mgallery/board/view/?id=sdijn&no=2574080
2,22,디시인사이드,시대인재,난 현우진이 압도적 1타였다는게 상상이 잘안감,"학교가보면 여전히 뉴런이 많긴 하지만스블 아이디어도 꽤
많이보이고
""뉴런은 어떻게든 지 가르친거 끼워맞춰서 풀려고 개지랄떤다"" ""존나 잡스럽다"" 혹평하는 애들도 많이 보이는데
10년전에는 시대인재 현강 출강하면서 인강판 압도적 고트였다는게 잘안믿김",https://gall.dcinside.com/mgallery/board/view/?id=csatlecture&no=290742
2,22,디시인사이드,시대인재,본관 알려준다,"첫날<<담임들이 야부리 존나 턴다 ㄹㅇ 존나 쓸데없는 얘기 할거다
한시간동안(인생태도,앞으로의 다짐....기타등등)
시즌제로때도 그랬음, 니 이름 샤라웃하면서 카드랑 시간표,
강대 기출분석서(수학) 나눠 준다
난 첫날에 챙긴게 얼마 없어서 하루 종일 분석서만 품.
양이 많진 않아서 하루면 끝나니깐 기출같은거 내일 오기 전에 챙겨서 와라
후드집업 무조건 챙겨라 안입어도 챙겨라 슬리퍼도
그리고 노트나 플래너 꼭 들고다녀라 무조건 추천임
퀀텀관에서 필요한거 있을 때 나중에 챙겨야지 하는 순간 까먹음
무조건 노트에 써놓고 집까지 가져가서 필요한거 챙겨라
ㄹㅇ 까먹고 다음날 풀거 못챙기면 그날은 날리는거다
몬스터는 쟁여놓고 마시는거다 근처 편의점에 4개 7천원임
매점보다 저렴하니 쟁여놓고 보관함에 넣어두도록
하원할때 본관 정문에서 나오는 방향 기준 왼쪽으로 하원해라
지하철역 더 가깝고 차도 적음
급식<<순서 정해져있고 로테이션으로 주마다 순서 바뀐다
시즌제로 첫주때는 k반이 첫빠따였음 정규도 그럴듯
마더텅 사지마라 어짜피 쌤이 다 준다
런한 과목이고 올해 처음 시작하는거면 사는게 좋음(사탐런등)
고x광수 선생님등 자료가 부족한 선생님을 선택했으면 사야한다
월금마다 시험 볼 때 책상이 병신인 경우가 있을 수 있으니
시험 보려 본인의 반에 들어가기 전 깔개 역할을 할 종이를 들고가자
없다면 정수기 컵도 좋음 (참고로 반자리는 2주에 한 번 바뀐다)
콘센트는 2개에 usb타입 1개있다
3퀀은 천장 조명이나 불빛이 ㄹㅇ 아이폰 후레시보다 못하다
만약 본인 지정자리 스탠드 불빛이 약하다면 cm에게 말씀드려라
Cm재량에 따라 빈자리 스탠드와 교체해준다
빈자리가 없다면 시대인재 입학처에 문의를 하는걸 추천한다
좀 더 밝은 스탠드를 준다",https://gall.dcinside.com/mgallery/board/view/?id=dshw&no=247003
2,22,디시인사이드,시대인재,오우석 일베 출신이노?,"왜 굳이 많은 동물중에서 부엉이를 시대인재 마스코트로 정한거노?
- dc official App",https://gall.dcinside.com/mgallery/board/view/?id=sdijn&no=2573994
2,22,디시인사이드,시대인재,부남 교양 쌓으러 서점 옴,"시작해볼까?
시대인재 부엉이 화이팅!",https://gall.dcinside.com/mgallery/board/view/?id=sdijn&no=2573964
2,22,디시인사이드,시대인재,고3 순공 30분->시대인재 합격이면 ㅁㅌㅊ임??,- dc official App,https://gall.dcinside.com/mgallery/board/view/?id=sdijn&no=2573536
2,22,디시인사이드,시대인재,시대갤 시대인재가 모니터링하는건 맞으니,"낭만화 얼굴 직원은 알 수도 있음
갤창 직원은 지나가다 얼굴보고 피식 할수도",https://gall.dcinside.com/mgallery/board/view/?id=sdijn&no=2573487
2,22,디시인사이드,시대인재,시대인재 학원생 분들께 궁금한 게 있습니다!!..,"안녕하세요 지방에서 이번에 고등학교 올라가는 학생인데 인터넷 찾아보다 시대인재 학원이라는 게 있대서 찾아보다 들어왔어요
몇 가지 궁금한 게 있는데 여쭤보고 싶습니다!.!
1. 시대인재 학원은 재수 이상만 들어갈 수 있나요? 고등학교 재학중에는 등록이 안 되는 건가요?
2. 만약 들어가게 된다면 남자 생활관이랑 구분되어 있나요?
3. 학원 등록금이 많이 비싼가요?
4. 등록하려면 성적이 높아야 하는 걸로 알고 있는데 어느 정도 성적대면 들어올 수 있나요?
궁금한 게 많아 죄송합니다 ㅠ.ㅠ
알려주시면 정말 감사하겠습니다!!",https://gall.dcinside.com/mgallery/board/view/?id=sdijn&no=2573421
2,22,디시인사이드,시대인재,시대인재N 카드번호 뭐임?,"?
- dc official App",https://gall.dcinside.com/mgallery/board/view/?id=sdijn&no=2573385
2,22,디시인사이드,시대인재,근데 복귤이 파딱한적이 없다는건 무슨 소리신지,"파딱직 오래하긴 했음요
시대인재 부엉이 화이팅!",https://gall.dcinside.com/mgallery/board/view/?id=sdijn&no=2573145
2,22,디시인사이드,시대인재,일반과 군필 00년생 새터썰 푼다.,"가서 너무 인싸처럼 있다가 와서 너무 나댄건 아닌가 걱정된다.
선배들하고 말 다놓고 친구먹었다. 동기들 수시정시 얘기 나오길래
자랑스럽게 시대인재 9기라고 얘기했더니 다들 놀라더라. 시대출신 몇명 더 있길래 시대인재 카르텔도 만들었다",https://gall.dcinside.com/mgallery/board/view/?id=sdijn&no=2573095
2,22,디시인사이드,시대인재,시대인재 생각만 해도 아련해질 정도로 공부해라,"여기 진짜 죽을만큼 열심히 해서 목표 이뤄본 졸업생들은 공감할거다
시대인재에서의 n수생활이 악몽이나 힘든 시기로 기억되는 게 아니라,
나를 믿는 마음 하나로 1년간 쉬지않고 달렸던 열정과
소소하게 감동이나 재미를 줬던 수업들, 월례고사 등수 하나하나 신경쓰며 기분이 달라졌던 날들…
벌써 수능도 꽤 지났는데, 아직까지도 작년 생각하면 그 열정이 어디서 나왔었나 싶고 수능 한달전 그 음산하면서도 후련하고 약간은 아쉽기도 했던 때가 생각나서 아련해진다..
다들 맘속에 열정을 간직해라 10기들아",https://gall.dcinside.com/mgallery/board/view/?id=sdijn&no=2573059
2,22,디시인사이드,시대인재,사실 시대인재에서 운영하던 오픈채팅도 있었다,"갤짓거리를 거기서 해서 폐쇄됨ㅋㅋㅋ
그리하여 시대갤이 탄생하였다
시대 운영진 중에서도 이런 커뮤(옾쳇)가 운영되도록 하는 사람이 있었다ㅇㅇ
- dc official App",https://gall.dcinside.com/mgallery/board/view/?id=sdijn&no=2572977
2,22,디시인사이드,시대인재,뭔데 목뿌엉이 왜 가는데,"아! 시대갤의 운명이 바람 앞 촛불 같구나!
시대인재 부엉이 화이팅!",https://gall.dcinside.com/mgallery/board/view/?id=sdijn&no=2572810
2,22,디시인사이드,시대인재,시대갤에서 제일 인상깊게 읽은 명문,"https://m.dcinside.com/board/sdijn/1470038
과탐은 하는게 아니라는걸 처맞고 나서야 깨달았다.
- 시대인재 N 재수종합 마이너 갤러리
그래 내가 오만했다. 살면서 느낀건, 인생은 눈치 잘 보고 득달같이 순풍이 부는 쪽으로 가야 성공할까 말까이고 우직하게 역풍이 부는 쪽으로 달리는 새끼들은 100에 99는 다 좆된다는거임. 100명 중 1명이 그걸 성
m.dcinside.com
진짜 이거 읽고 생각이 많이 변한듯
나는 평범한 사람이다<이거 받아들이는게 성인이 되는 과정
아닐까",https://gall.dcinside.com/mgallery/board/view/?id=sdijn&no=2572767
2,22,디시인사이드,시대인재,시대인재기출 코어만 풀어도 충분함? 모어까지는 좀 오바같은데,ㅈㄱㄴ,https://gall.dcinside.com/mgallery/board/view/?id=sdijn&no=2572679
2,22,디시인사이드,시대인재,남자끼리는 시대갤하는게 손절사유 아니지않남,"물론 친구가 대형고닉인걸 알게되면 당황하겠지만
차피 릴스로 디시글 공유하고
재수때는 시대갤 글 그거 봤냐 ㅇㅈㄹ하면서 놀았는데
시대인재 부엉이 화이팅!",https://gall.dcinside.com/mgallery/board/view/?id=sdijn&no=2572429
2,22,디시인사이드,시대인재,목동 출신이 파딱을 다는 건 근본이 없으면 개추,"순수혈통
시대인재의 기둥
대치에서 나와야 한다고 생각하면 개추
- dc official App",https://gall.dcinside.com/mgallery/board/view/?id=sdijn&no=2572404
2,22,디시인사이드,시대인재,야 추천해 들어와서,"반말 죄송해요 글이 너무 빨리올라가서 이렇게 안하면 안들어오더만
시대인재
수학
공통
인기쟁이 강사 추천좀 부탁드릴게요
정성껏 추천해주시면 선물드랴오",https://gall.dcinside.com/mgallery/board/view/?id=sdijn&no=2572399
2,22,디시인사이드,시대인재,10기 관 정보 나온거 있나요,"어디어디 관 쓴다 이런거
시대인재 부엉이 화이팅!",https://gall.dcinside.com/mgallery/board/view/?id=sdijn&no=2572363
2,22,디시인사이드,시대인재,시대인재가 그정도인가요?,"시대인재 강사들이 가르치는것들이 인강 1타 강사들이 가르치는거랑
크게 다르나요?
수능 만점자 혹은 고득점자들이 대부분 시대인재 출신이던디 그정도인가요…
주변에 시대인재 부심부리는 애들이 많아서 궁금합니아 많이 다르면 저도 동참하려구요",https://gall.dcinside.com/mgallery/board/view/?id=sdijn&no=2572328
2,22,디시인사이드,시대인재,반붕이 그리운 애들은 이 글 한 번 보셈,"https://m.dcinside.com/board/sdijn/2566008
오늘, 새벽 한 녀자를 가슴 깊은곳에 묻어뒀습니다
- 시대인재 N 재수종합 마이너 갤러리
https://youtu.be/o0tc2B69f4U								2월에도 스스럼없이 시대갤을 하며..어느 순간 제 마음 속에 따사한 봄날의 햇빛처럼 스스럼
m.dcinside.com
애들아 그녀를 위해 이제 놓아주자 우리가 담기엔 너무 큰 여붕이다",https://gall.dcinside.com/mgallery/board/view/?id=sdijn&no=2572290
2,22,디시인사이드,시대인재,반붕이 탈갤한거 아녔나요,"저 새터가기 전에 눈물의 작별했었는데
시대인재 부엉이 화이팅!",https://gall.dcinside.com/mgallery/board/view/?id=sdijn&no=2572261
2,22,디시인사이드,독학재수,독학재수학원을 시골에서 서울까지 보낼 이유가 있음?,집이 여유가 있는 편도 아니고 맞벌이인데 달에 400쓰면서 독재학원을 서울까지 보낼 이유가 있을까?,https://gall.dcinside.com/mgallery/board/view/?id=hanmath&no=10636398
2,22,디시인사이드,독학재수,시대 김연호 질문,"군대와서 메디컬가고싶어서 작년부터 수능 다시본다.
현역 재수때 윤도영 풀커리탓고 부대에서 올어바웃으로 독학만 때리는중임
작년 9평 47, 수능 41인데 7월 전역이라 김연호 합류하고싶음 시즌1,2안들으면 이해못함??
- dc official App",https://gall.dcinside.com/mgallery/board/view/?id=csatlecture&no=290556
2,23,디시인사이드,대성,대성패스 애미뒤지게 비싸네,시발 안산다 걍 ㅋㅋ 메가패스 ㄱㄱ,https://gall.dcinside.com/mgallery/board/view/?id=hanmath&no=10639779
2,23,디시인사이드,대성,"메가 환급대학 인서울 커트라인 빡세네( 서울교대 ,중경외시,이대)","우리나라 인서울이 저렇게 적지는 않을텐데 ㅋㅋ
메가스터디 입시업체의 인서울 커트라인이 중경외시, 서울교대, 이대네요 ㄷㄷ
상위대학 계약은 넣어줬는데 근데 어차피 다 겹치지 않나? ㅋㅋ
서울교대 중대 경희대 설교 이대 외대 시립대 서강대 성균관대 한양대 연대 고대 서울대 메가 대성 환급 육사 경찰대 간호대 사범대 건대 동대 홍대 국민대 숙대 숭실대 세종대 경인교대 과기대 지방교대 교원대 단국대 광운대",https://gall.dcinside.com/mgallery/board/view/?id=sdijn&no=2575499
2,23,디시인사이드,대성,대성패스,고2인데 여름쯤에 사면 지금보다 비싸지나요?,https://gall.dcinside.com/mgallery/board/view/?id=hanmath&no=10639437
2,23,디시인사이드,재종,내일 부터 재종 들어간다,잘 해볼게,https://gall.dcinside.com/mgallery/board/view/?id=hanmath&no=10639806
2,23,디시인사이드,재종,이새끼들이 괘씸한게,"학부모 어플은 안드로이드도 가능하게 했으면서
재종앱은 ios 전용으로만 만드냐
할 수 있으면서 ㅅㅂ
- dc official App",https://gall.dcinside.com/mgallery/board/view/?id=sdijn&no=2575649
2,23,디시인사이드,재종,욱 재종2,미적분 아치 시즌1 1주차부터 하신다함. 정규반 들엇던 사람들은 좀 우울하겟네,https://gall.dcinside.com/mgallery/board/view/?id=sdijn&no=2575548
2,23,디시인사이드,재종,욱 재종,신관에 세반 들어가신다 함,https://gall.dcinside.com/mgallery/board/view/?id=sdijn&no=2575542
2,23,디시인사이드,재종,재종 관이랑 부엉이 자리 완벽하니까 존나설레네,"피시방가서 부엉이자리 30초만에 성공한 보람이있다
관도 내가 원하는 W관이라 존나 행복함ㅋㅋ
- dc official App",https://gall.dcinside.com/mgallery/board/view/?id=sdijn&no=2575519
2,23,디시인사이드,재종,시대 재종에서 담배피는애있음?,"전담피고싶은데
- dc official App",https://gall.dcinside.com/mgallery/board/view/?id=sdijn&no=2575504
2,23,디시인사이드,관독,관독다닐까,하공부를너무안합,https://gall.dcinside.com/mgallery/board/view/?id=hanmath&no=10639630
2,23,디시인사이드,시대인재,저 근데 사이라이씨의 전생을 알아버림...,"비밀로 해드리겠습니다...
시대인재 부엉이 화이팅!",https://gall.dcinside.com/mgallery/board/view/?id=sdijn&no=2575653
2,23,디시인사이드,시대인재,시대인재 까면서 그 동시에 이재명 까기,ㅇ,https://gall.dcinside.com/mgallery/board/view/?id=hanmath&no=10639730
2,23,디시인사이드,시대인재,아니 ㅋㅋㅋㅋㅋ하 댓글들 왜이럼?,"https://m.dcinside.com/board/sdijn/2575573
친구 삼수하는데 선물 뭐줄까 부남들아
- 시대인재 N 재수종합 마이너 갤러리
건강식품 같은거 줄까
m.dcinside.com",https://gall.dcinside.com/mgallery/board/view/?id=sdijn&no=2575588
2,23,디시인사이드,시대인재,안녕하세요? 혹시 범찬쌤 스토리 유입분들 계신가요?,"옆에 고닉표시 보이시죠?
네 제가 시대인재갤러리 전 파딱 scatter입니다.
저 말고 반고닉 사칭 한명 있긴한데
짭이니 무시해주시면 됩니다.
아무쪼록 여러분의 27수능 성불을 기원합니다!!",https://gall.dcinside.com/mgallery/board/view/?id=sdijn&no=2575575
